{"text": " You", "segments": [{"id": 0, "seek": 0, "start": 0.0, "end": 2.0, "text": " You", "tokens": [50364, 509, 50464], "temperature": 0.0, "avg_logprob": -0.8573816418647766, "compression_ratio": 0.2727272727272727, "no_speech_prob": 0.7648878693580627}], "language": "en"}